ID,Tên,Số điện thoại,Email
1,vandeptraivlozzzzz,0905291271,ngocvandeptraivloz@gmail.com
2,aaaaaaaaaaa,12345678,sssssssssssssss
4,Nguyễn Anh Tuấn,0912345671,tuannguyen@example.com
5,Trần Minh Tuấn,0912345672,minhtuan@example.com
6,Phan Thị Lan,0912345673,lanphan@example.com
7,Lê Hoàng Nam,0912345674,namhoang@example.com
8,Bùi Minh Quân,0912345675,minhquan@example.com
9,Đỗ Thị Mai,0912345676,maido@example.com
10,Nguyễn Quang Hieu,0912345677,hieunguyen@example.com
11,Phạm Văn Hưng,0912345678,hunganpham@example.com
12,Võ Thị Kim,0912345679,kimvo@example.com
13,Trần Quốc Toàn,0912345680,toanquoc@example.com
14,Lê Thị Mai Anh,0912345681,maianh@example.com
15,Nguyễn Phương Dung,0912345682,phuongdung@example.com
16,Phan Lê Minh,0912345683,minhphan@example.com
17,Bùi Thị Lệ,1111111111,lebuithithit@example.com
18,Trương Văn Quang,0912345685,quangtrung@example.com
19,Nguyễn Mai Duy,0912345686,duymai@example.com
20,Lê Hoàng Long,0912345687,longhoang@example.com
21,Vũ Minh Tuấn,0912345688,tuanvu@example.com
22,Đoàn Quốc Thắng,0912345689,thangdoan@example.com
23,Trần Duy Hưng,0912345690,hungduy@example.com
24,chế nhật tân ,+840387407367,chenhattan280504@gmail.com
25,sai đẹp chiêu ,+840707845483,chenhattan280504@gmail.com
26,Khải Đặng,0372116712,khai@gmail.com
27,Khải0022 Đặng,00372116712,khai@gmail.com
28,Số 1 Số 2,3213213213,ferewr@gmail.com
